time,signal
0.0,0.0
0.01,0.06279
0.02,0.12533
0.03,0.18738
0.04,0.24869
0.05,0.30902
0.06,0.36812
0.07,0.42578
0.08,0.48175
0.09,0.53583
0.10,0.58779
